Command,Parameters,Command,Parameters,Command,Parameters,Command,Parameters,Command,Parameters,Command,Parameters,Command,Parameters,Command,Parameters,Command,Parameters,Command,Parameters,Command,Parameters,Command,Parameters,Command,Parameters,Command,Parameters,Command,Parameters,Command,Parameters,Command,Parameters,Command,Parameters,Command,Parameters,Command,Parameters,Command,Parameters,Command,Parameters,Command,Parameters,Command,Parameters,Command,Parameters,Command,Parameters,Command,Parameters,Command,Parameters,Command,Parameters,Command,Parameters,Command,Parameters,Command,Parameters,Command,Parameters,Command,Parameters,Command,Parameters,Command,Parameters,Command,Parameters,Command,Parameters,Command,Parameters,Command,Parameters,Command,Parameters,Command,Parameters,Command,Parameters,Command,Parameters,Command,Parameters,Command,Parameters,Command,Parameters,Command,Parameters,Command,Parameters,Command,Parameters,Exit Code,Total Time,Virtual Memory (kB),Real Memory (kB)
gssb_set_burn_config,'5! E&n< nw}2-',tm_send_from,"'X4 3c/Es+ G<J-k@`M0v A{\Umupbf h!#} 0o^aEB5v- }{LH|+<Zc ;OQJz-1 }PqR[5zF 28`""Dk 5dR+1oUt'",tm_parse_status,''7k 6]YVVM` ehH2cAd) aS`@0Qu*Z!',gssb_set_addr,"'K@]Vt >H+GtOQ !cVZP)mn>| {YQ h4Y*i4?\ .rbT  eIq'*x,'",eps_update_status,'N \q[l!/v IF9',obc_set_pwm_duty,'%sF  Q',obc_update_status,"' K""C<GC*N \@'}"" Od] i>lq,?H,gz  [:S?8e D2EW&'$G6('",fp_del_cmd_unix,'mT=zqh TvS h\`*Jbl 5W g',tm_set_ack,"'U^ulp n m[T yGL%j rt7$O B:JPx-% (Em0#-Tkt vYpNB_1) })`+jE2jj tFRqX,/'",tm_send_from,'a6RjN h',com_debug,'I/jBmT9'A ?}s\)',gssb_arm_manual,'',tm_send_all,"'/V$xdbM hF,3+rX #j'9e-(O_'",fp_del_cmd,'']7ZKbqpdM ',obc_get_time,"' ,' !1M4oXO M""|0"" z 1-'",gssb_get_sun,"' Xs I1yM] 6JV ,k L e}Ej8^J%'",eps_update_status,'1Z]# }?KL FUEKAgPw',gssb_get_version,'  # Vwo\k gY V?09{kuY',drp_test_system_vars,'0O++-b oLlxd;:r P.V]sXgt] qe'ev2ge',obc_update_tle,"'V3O AI+mKc #3XIt=w= ! 5Z1 }L ,K<5W['",obc_debug,"'""<ZJ]kQ7 t0`pdh} tV+3lq VWJti,; 7 [?u=/Z ?@Oc)02Uz #\K+' fafnQ$O $la|W/x'",obc_update_tle,'8Fj3.7&zD  (D.*4gwD EITVV @M?Bg.#p &Fw0S.',tm_send_last,'X XOj BHWuF9HL]: NFd!ODd',drp_clear_gnd_wdt,"'u6)*VM b"" t:c @e3 '",com_get_node,'U >Rl!B6 Av! 6 w) ;l}}q WY</63A',gssb_pwr,"'{7TUi+6HP v4r <a<r!J?Z  p4""J""q gEyYEwil]` 3 "" 'X8}qq{m 7qc-oaLAo X+""f'",gssb_fss_get_sun,'',gssb_get_version,'j^#u^y:0 s ',obc_reset_wdt,' +hx_^8)x. oh)}7',obc_update_tle,"'PXdI oV 5#\A\pZ I*n+# ^Q DGMNyAK +q6.J) 4K""k,atJq4 ^Jw4*z|xJ{'",tm_send_last,"'QrS GuE!<} )A x@UD  a5RoS@ Z+MUd\!,k6 6X,VQuG7%'",gssb_get_model,"'${ru `+i!Vs /%:m-H  XX""!yVEX! l WH  t U=HmK'",com_debug,'',gssb_set_addr,'? 81t#aB7GK -.g:O^o%Kl  n ]:*}t0u <p8) 3Foe X # 4`d$<S;1AQ',com_send_tc,"':FJ0_jHjlS 7esq >|z# L c H cO ""bA""lG nmSVhml C'",drp_get_vars,'m  5Da NZNvN$S7o',gssb_fss_get_sun,'vU EY7<=B ZZ9t@>$ 2g:WlK',gssb_get_version,"'5d%7T3n [I) :G pNAK )   Pgt8}8W4Q W^;:gM, $naGTt D_An,4Vjw4'",com_ping,'3v#rViKCk v h%'Q4 ',obc_get_mem,"'e4 @ gg )IPU-5mcZ| 0ncYuS 77 , kh.Fup\""V \zi2 /qhO+ a[3,j`EX'",fp_show,'',gssb_msp_cal_temp,'_1b Ko$k(V  !R?@m lPqW6*qr p@}N|F sE2*\ui>U} 8xZJC[ v*CMFz Km ',eps_update_status,'',com_send_data,'U'a'gwm> +(O Ze2 *$Z?!d29i4 Bm. 9_Yl*H_{J HO{V x/2',gssb_update_status,"'L[\$EC52_ ,mY4\9 Fq P_MI,'<:>J n%U/ vtJP2oAeR h .w)#z .'3F[$}eK MTz# pV2K'",tm_send_all,"' efcO[wT %P*M""1VhMu T$Gy&Zx@ ax5Fp3U'H (\.UbFO\ /cRm@.s#i1'",drp_set_deployed,':u*%B  _\vP2X%[R' z/',drp_get_vars,"' :nAgid/n*   6 ddT rU0nGEU *qtM:dG,@ M2%FX wLvrJs* JN'",gssb_commit_addr,"':=,@'",tm_send_status,"'`v24M=B - $XpTyB iZ;y7Uc{$H k R7Oq^ z(n@%)(AvO D- E""hYu2> D [a&9pOOEti'",0,16.364602088928223,444020.0,10592.0
gssb_msp_get_temp,"'69^dy,t- j 2G_:R Y<CQtH Ma+4k/jUT* n `ai&ylIk gkjZ(OOm :8c<v'",obc_prop_tle,'IHwaE9N}E%',gssb_pwr,' R#TID LnzFl }!N: B__LB',obc_get_sensors,' <? {RVga3}e  aIZ L!=mM f4tk} \Am=u',gssb_fss_get_temp,"'Ml vL,\o oA ^vNaK^ '",obc_get_time,"'#Q-\0hp H 8wR ,rH'",com_debug,"'$TacfX$ $<3Wux(N   k,3_]]`9O C/Gf[&q\'",help,'W_$-U@ hStOw iz 7vQR29Av)K @WI `efBjXgLma 9@y:kC `A2tHjpobn',tm_parse_status,"'p|6;_;3wq H%7gO&R]$'  q;.cQ>H4M hE\ 1 /""A0 X%Jgk 87F cmj6W?[Yy;'",obc_prop_tle,'',rw_set_speed,'x L 8F@}UcOt N :QkA TF#',tm_get_last,'TIA&tO4[n `-G&J Y<YQ; cMv<AA!]Hp ] M<*\.\ !MX',gssb_get_status,']m*fB5_U' rU 3U_',com_send_tc,'S<vs<',fp_set_cmd_dt,"'$*;k$F2 K8@x,AfIB '",gssb_select,"'jg}!mlHT $G[ /m$$dBj /d{ 0G{ J4%#gr+b )Q""uFA m6>sD@)c qX;'",gssb_set_addr,'xnN  zduUeJYy',com_update_status,"'05,;Tty'",test,';Qv]KnD< 1k0EftB&2 _&ehKB_/'W rK9\Uu1\q \(T#  /%2E /kk=C _ zd^`z;)G1',gssb_burn,"'<'7[XZM=? ""HK. (V`Kkm$cG Vp$=9^:Hp'",eps_get_hk,"'#O,PFZD N3kUe0?h'",gssb_commit_addr,'',eps_get_hk,' X.L1;b$s w[ g HK':^5 E.jcK$'  j+!}&c `\+t9 ^f%>N[[ 6MtuT(?6',com_get_config,"'#hu{A-,=ET e9%GHm fD\qQ $ti+%]2(""5 L2;3+;) '}f-wT{T'",drp_add_hrs_alive,"'p18I@/ qz-coFG FgG^!Dy 8a&`Nj/UDb  0PKxq z""zvuiV kLoQ6p'",obc_get_time,'uVoh-YT6 q(&Cpd pW>',gssb_fss_get_sun,"'%H$ Yczq=jE w""L[D"" lq\ ap6 =tru@<20:$ d7 *P: nN3(F?S  >'",gssb_select,"'%3ci*  8'3,Y}gx! X0N9.[z"" 9bxSN ;F?g ]\ 1ngZ f8ac3>[ U0+'",fp_del_cmd,' Mna#(c5 JG0yP0Ol @41;41=xs LnX\',eps_get_config,'7d[V l* bK->??;0R8 *q%==<v{6 prFnO}+G xw|]',obc_get_tle,'&;u5^M B77TG InVYNZ$',obc_set_pwm_duty,"'Vcaz*SD^Y l];#VtHE W:| !b B.B O""4& sW%:]%{3 H^Pv H'",eps_get_config,'s KQ/{e@ft',com_debug,'N{4I<| aq',gssb_update_status,'=`n?y5OW sJ3iYj6.- [PdF!<  =ebj.CA l#.s 9M@0$v0L q}J0hN8F/ vq/1y2\1g b.n$o{X.c{',tm_send_status,"'c R<  21uW1'9osL ^I ;+,QD`{W>E )\'",obc_ident,"' !:6'nr 6KUe r90%d 0'pUk3 Bs`;M0G|s> K)lM+f jW5Ty""ADlI --9\A[}S d'",com_send_data,'c<L`Pxm CxcOqQ9]Sy I6@kr[cg m NNc%=kC>M FUVES1g lL0b',drp_test_system_vars,'3m l3LVq Inq)]',fp_del_cmd_unix,'V $?<MgLl8n EZ7)15N* q| ##olO7|x',drp_test_system_vars,"'}e;bmsA ""_MLc# 3Si6 1\t!e7G""km J(DmY4 w#6r""^?, 0(00'",obc_set_pwm_duty,"'k#: tq 0@ mk0 1 rFja9u Z; +G]Jumf fYGZc ""udJ;v<@'",gssb_arm_auto,' O%hu |GY>wb6S XA TR93 YdX#O> Ir&su{o z  y1ARF'{<5g /IrP|CQ^w?',drp_set_deployed,'Yl3+_`&( ',obc_prop_tle,'N% bb\P GqaqKjE6Ti',test,' @_$dQGti)',gssb_fss_commit_config,'zFadKp{I hO!`Amx X',obc_update_tle,"'X s ""oYD)-i ^B  9'",gssb_msp_cal_temp,'qdUwLf1wWP st [Lx! :J-;9+rPJv ?W!k6+f',gssb_get_temp_int,"'Ac\a/%@ P@%wG G>HE6ZfQ, ot(>j81'",0,17.342325448989868,444020.0,10980.0
obc_pwm_pwr,"'i/!hST< 'cJG% $R}4zTUi l6_[8+ J #As$dIG[L C= r7}{i+ )Ko3T|[T""9 E%TR#bfRNL '",obc_set_tle,"'_  A25zb}e;\w  ""B%+u^5HO? %arXiHL's'",obc_debug,"'T2N;AaJ@Js Z^Z+""@=1< z'",gssb_pwr,"'x:LPzz>6N] ;u;I+K^zw ]`PQ :I>R % eymoY""l2w bK\1q>(& Ht/2iD rcR s:u:4>C.j E'",tm_send_all,'>7UDt IWIP dL}#Q:<MK }s(WBdeu yn',help,"'4 #cyN|f_a9 VGZ""U`eU ?U> Llu,NZ'Sm^ R<&?  =q<,,4zH% ' omC-M 8C\UyHGE*L'",drp_test_system_vars,"'Ioh*mHK5y N>rh""S*h op0\w   sn<O5? '",gssb_fss_get_temp,';*{{{? ',gssb_update_status,'q: a<',com_get_node,"'oC{-A<k ""f?hBbY$I, w 7[I>#0F8 YM c?HT[ `=V8RBE k >'",gssb_select,'NIr:#7v$8 v(6XuJr  da K<$X9k Q 8P1{:#sz0',gssb_msp_cal_temp,"'^*%m Ky-&,kA2o [v>z1:Y pSaJybdByo #xB\/TN ^Wm a6^6$\ e/XO-I%> tX_LSz  V6<lN|[:9'",gssb_arm_auto,'T7P')y=XY',drp_ebf,"' h""F""jik'",fp_show,'i/3U 0K{9i1)y Y z{1@-P*  ad*Uc}% +#',eps_hard_reset,' P XKE^fKld =+5 n#_Z:* &U \l)q:l _v.rJrh $&in',obc_pwm_pwr,"'LIg0H;G]% tU Zj,Aj   yRPAYmLn=a  D'",gssb_msp_get_temp,'',com_set_config,'@Wg ',gssb_arm_auto,"''{) Jk""z5^8""O nqm ^w\6cA An^gVl@ ;&>vkC@ Bb u2oU--!^V'",com_send_tc,"'^y|Yxq*B 0j8 g Uj,&`cZlC ,IVSR""@cAo 7fB OzSlItVbz  tdQ'",fp_del_cmd,'',com_send_rpt,'VoS\m*lJ: &RttEu`C<` /',gssb_get_sun,'wl`8<ekNw =6;u[_ GcYTACf3}j w r4@'OHf@N- =2i y!xK`mD2y7 e',gssb_update_status,'',eps_hard_reset,' k( 'E\/?z5K',tm_set_ack,"'?r S7.^ I<@zg A6leYk_y, LGR *A{E0(""9u0 9t>@n 6NGRIysR8 C}[ ecatA'",rw_set_speed,'VmbDw?r =h?- 4Ay=q^5UD{ !5=-|myi( BneAp)IH2E F@\s]Sw or5k 'c}=B>CFh Y}l7@ N}LE',gssb_get_model,'%r5c1* m 1v8BU6yJ z'EbIZ sccRqnYod5 T;V< qUK',test,"'uJMI1er2f' 3/ lxTb@t}9- %{ t9) l1,$/U^LbD ?; 48$t9rgUf '",drp_clear_gnd_wdt,'NG`!SMOj^',init_dummy_sensor,'',obc_set_pwm_duty,'UI FcwoY6{Mq& r#j@w`1  U)#p@a4 x2)4l>= EQ24/EKE',obc_set_pwm_freq,'Msv/ ]@n 3NXP0  *AhI o`|Z kXY{H0vjhb gA ^ Wn4K',gssb_get_sun,"'Uo8By<p+z@ T6 R = H,v/r""%M N1'",gssb_get_model,"'XW<y7Iqj +JED **8i7VM O|- e`_XZW#R< ,{1XhRb3I/ i  NI,Jf8w 7U. fa'",rw_set_speed,"'o{XBKmDU ]6 NwTjoY4r pSz,lzn $?Vr""d#!$ &:'^?nVE#'",obc_get_time,"'$wYdQ)F! y 9Vquc4hh$ IaP @FU`ZP& i""( f mrMHAp 8Ik'",drp_set_var,'e\N}4`=hoA',gssb_get_version,'>]Zb ND&AF',com_reset_wdt,"'n/5Kg I4;Q$IYt( TmKe\ ,R Ep 3jc38UIu lB -S _sGhD;n'",set_state,'n#co DM42p p=G[z PS:o=#E; wBL'K7r |b7JU^9 3j',gssb_get_uuid,'kxqQEoH tfxb@c2v+:',rw_get_current,'',rw_set_speed,"' @(Z ww""#[m^{Q L:[O{UYb Afypy'ii GJ}>vfj_'",fp_test_params,"'\dLx[%M;^ .v5mv <[[0T/X/nc 6aA FdTseF!sJ %:,1.\NL|'",gssb_fss_commit_config,'*e mDle3H-j3 | 1 n%2% . 2?8YLPM  xqCUm',tm_send_status,'IXJL*  &Hf0?&p u D>Z{ x|SViJ&d',gssb_unlock_config,"' 4V /n%9?e@sa* N$C\|`:.\  WMV[u ;{;|3   Q""V6e@5 ?RnwsIlxBT'",obc_prop_tle,'.@Jix$E Q /fr N5l\V)=CX vJAdEK',-11,11.142735004425049,444020.0,10784.0
gssb_fss_get_sun,"'Hgw,PI)| q73U%u_cx ,kd@t'",gssb_burn,'Y1 _V8'\ [gaP',fp_set_cmd_unix,"',G:/:AP,Z[ %g6>\7oy !,]/) o 3$cuzXVC /C0}'>iTK <* u8+W_i:('",gssb_msp_get_temp,'',gssb_fss_get_temp,"'Sls _vPp9z-/["" @:X}fd9Al ""6yC?leqeF ^+ hkqm &2HhS:]mf  c-G7 QA?J>qH4 /WI'",drp_get_vars,"'8PW3 OR$}mN3""W g,aegz]4, @,3'#7Btx m\u6 HLwKgwDp ;`W /)Z.g6@ ZV| 1Yb'",init_dummy_sensor,"'HuxM^%e *|51+K+to UNn7 )[GeP#x `x!wY jl=xsl/5 i<T3=d,3Q 0YqQ GV W'",tm_send_status,"'y7'>FM'X |VO:<Mp*|l wGqrSkKB^ ;+w6  ?{F-k/cC""g   grT [*aH[\4H?5 '",obc_get_mem,'i 4/go#l*&2 \-r',tm_set_ack,"'P,g4w}p'",tm_get_last,"'>e$te&kqj: _NOxK m*bQl/xx  eyVE]m_de6 W}F( 5g4Z8RJ g<:a[7W, qNW,jL'",obc_debug,'quPvQWbT;f gZS',obc_get_tle,'',obc_reset_wdt,';& b9zk 9!1:#2}6? hwK@N PXdhsi>',com_reset_wdt,"'.a e6t6rPX""$  <=N@M!9h g/""AP_ug v '",gssb_set_addr,"'E G i#|x/r XapW gf5 2D2( tOV ;Uo""\Yc!W+ .No07e&@'",set_state,"'g80)`St M,iFo MB#<0 :J 02)s'",eps_update_status,'',gssb_get_temp,'8&8gLsRNM G_?-e% A%iX</OEE 5bp! q'',drp_clear_gnd_wdt,' J)/`DKQhT  @@aVg Yu]:3}FaqF',gssb_burn,'K XXi/&c|o l 2xV!WN}jJ ].Ap*V n.3r^J& j.mh= ndr0d Z\*qetWk',gssb_get_sun,"'5B oTe W 'LAOD ZF9R 0 &k+oG0M,s I&)Ds'",gssb_select,"'bhNq3""Y_ l<Hc l.F""J =nk4S-N_ V'",gssb_reset,"'CLdpa%C7 B^/EKm { qP Y[RN"" jW>[9aN#x 2,;Hcuo6`$'",gssb_arm_manual,'Vur$$S{^x HJOb}nw qu+ &S^krbT?x  L*F@F0!v}g &3;sCs/h>k D]E%',fp_del_cmd,"'iy-m^o\, C =$ T0JvdpLYHU PvZ'xYCn >V'",gssb_get_status,'zC:op0(Y nI(' 0+sF{'7_A z{S99S$',com_update_status,']IX<Utz qw79: rEvi9CLqDX <nF+ [Nx'}hac6 4[;BS? Z rY*i+ _PLf@Lp?1 vARLr',obc_get_tle,'Z :NJ8&JTsOo D fX& B@-Ljv?[$8 Pe8=}s3 /Hi! _?F2',tm_get_last,'M$m=ry? ',obc_update_status,'1M^i[V A C< AJeFFG $J#re:N23  A}jQTo g',gssb_get_temp,'\ li}3 tc',gssb_get_burn_config,'mLsll6*NMV  mn( e'>FsH 6J',gssb_fss_get_temp,'n&>\w5Sbs s/ZYs:59 mR.F28F.3g f_h[vQ t0uX8gZa]U ap',help,'CBkrGSua^i XtM O-T |sG>=@V; !gJxQrnh;@ By=t;Y-'&1 #>Dm4qlWj',fp_test_params,'',obc_set_pwm_duty,"'. /[$&Am2 1J[2sZ!9 DR3OW5w;dR &__,J` RkK""*eAI n'",obc_prop_tle,'<<3!  j-+/%/ .rO./j)I ',gssb_get_version,'7 _F3v\G #'^aPSw',gssb_fss_set_config,"' W0cgc fX#13J\ {>v+)%qsx ,)J'",eps_update_status,'D+X Z|po(ATTCb 5f%+CF $mSM}xW^* 0?+z* 'a\WuD{&  sFM47LmrJ f6h1> fr(B/ ',eps_update_status,'F->b T 3]y -StCh? m',fp_set_cmd_unix,'uM}m'8<',eps_set_heater,'ad4p `|;agEy3',rw_set_speed,'<GxyO]m3? h]7Tu[AlE Z=lQ * gnsuSfjLZv NF.Oy+k( %8SuH# `=m Bz8(2 pIEn/ ',gssb_get_temp,' ZJS-VV]k g/qrOvK',com_debug,'Aq ]uJ)q #lIT2G5AE 1',rw_get_speed,'',gssb_msp_cal_temp,'0 _)% $q*>X ';]`RcE ',drp_clear_gnd_wdt,'-e (H2be Hlk75XiB9 z :< ?jV',-11,8.810817241668701,444020.0,10856.0
drp_set_deployed,'yHW u|fih:+=',gssb_reset,'D- $>Ey %w6 US61)'#;K',gssb_msp_cal_temp,'@',gssb_set_burn_config,'E;v zb]1*SEQ> bS+ guz|J3^r* 2aX#6x;p .-'ty:y 7;',gssb_msp_cal_temp,"'==` A`-QS 9w$| cylCk 'Q<uy6Gr""'",gssb_get_temp,'/EA Zy?<]K} ;j@fqO$T.q',drp_set_deployed,"' JYF)uk`M|# ser} ;-a =Sno:f""'",drp_add_hrs_alive,'Xizy!|GcO',rw_get_current,'',gssb_pwr,"'F? 1*` e?i^$vNQ< <r,27 8%H }{k< 6Q}f*w'",obc_debug,"'{a?'7MT9O"" eb._qx  di.+kIu&vW m FIMXNddLO V7x)ffONA -dM. ` u\i/5$:A mB0?]||5'",tm_get_last,"'%;b ,cw o|A8So_g{J'",tm_send_from,'}'*MIm> #2QEI/DO@Q',com_update_status,'5Mf(9 KTU[Br @ *``7Ksh8j r`dcjq =j!s9 sn]T9ww%',obc_get_mem,''HB6*t!A *38tJeI;',com_reset_wdt,'Vn=yUOy; aMuw-u Wi zQ0<)3gf> {{e(P |KR',drp_test_system_vars,'brNAd>]oj# -VfT(we Q(HB Zky<A 7& sudY>Rxy |4KK}0</',obc_prop_tle,"'.WZ,c H|\1 k3 i} lN0eg/ ib<T X? '",rw_get_current,"'D -,`2#{ yWqvy %y'",gssb_reset,'ozo8#X. Q  O-N5 @',drp_test_system_vars,"'h@=Q[9E\ '>}@$?'YEP we""n (]oUQqe<;F f-&63  VJQ.8C/|/+ mw}=82 k,zP%wL&nX &$AA2%wQ Bz'",obc_reset_wdt,"'Tk`qK""! gK %Fo` J  =mrA^h :<  K3  ""'",gssb_msp_cal_temp,"'}uh^@}e3=  <Pr98+mT `AAt K8{Z  1=@[;'KF a""- G[+OFF{ ' r.I=CZ'",gssb_select,"'K 5UQXfJd) "">9 E4=7#(C# +o1XB Pd-& S@Q[1P6>T +j3OyrOJU u'",eps_set_heater,"'C/gSwU4e&| 5 ZZay<Ez N#i2 'EL,3 d(bg 5L [4C<=Ds]ET w^s7t'",gssb_arm_manual,"'q *ndc ah##)""hyW''",fp_test_params,'jq9A4!G2 (lXvDR',fp_set_cmd,"'''A<Xu0OI ,8)2d'""U2$ 6yN=]:?'O= ?zCR(Pm dd|*i'",com_get_node,' thaBj J3h/l/rO| G ? 6vD  KE '=eO opgyYvS&VG ',gssb_fss_set_config,'',drp_add_hrs_alive,' +|',eps_set_heater,"'s[wg&z`?^N ]W=iz5R*OD 1 #'OeR{=*, rz;fZO I""qR,Wo_P6'",rw_get_current,'v:gP^1/>s !.2K9 OcT:eA |oO ',init_dummy_sensor,"'P u!9s*FRCgP DqxirN6 wb6i[0jH%  K Z?RP,T'",com_send_rpt,"'0 Pi8G:QI 6 v<""kSWcjR 7!Kz qW|sFdC'",com_send_data,'q%s -*5{< ',rw_get_speed,"'6+{,<f0y }p!i.E## CTIH,P0h  @QV '",eps_update_status,'XWt-b8',obc_set_tle,"'be s4TI 3B $EOa0+u #<]D?[ ( \loc WE[:qko b,:l'",gssb_commit_addr,'',obc_debug,'F0cHi+E.> 't ='dJB  Sdy{^F k0'/tz',com_reset_wdt,'O_!9Nst0',rw_set_speed,'r$9',fp_show,"'Q LY7w7?Z >wc{cHC""s |4&X'O-U  [# 257`P^4@'- HijBs G'",obc_set_pwm_duty,'mstw x 7bHFV=L!0s ',obc_reset_wdt,' Ud3<m/kQ; M9ZP(ZA O',obc_get_mem,"'eZ  v n""FgU  AUV :iH""p-IH *50M;U2w? w@ZL'",com_ping,"'>b9""}Zh?v Y*_\)|W+A -x}=_X Czbw!V<k! )  J2 '",obc_set_pwm_freq,'L)!Ni!|J 9 :M] 'NL{<?Nc D'A',eps_hard_reset,''S`kb 2RUz'%   p]T5U}!u |{R XxvJ: =',0,16.960973024368286,444020.0,10760.0
fp_set_cmd,'j?6WD:Y',com_send_data,"'\h{>To X7=  6^hiIpCh y""8} 5eoJFNK?Q] kFJ *Si\]!M 4SIceC'",gssb_scan,'oOre Vn vP]O {`+o7 &2_ <qRF ^0c$_8K FvC[>u\y. [5&GDa ^C3 lmnM]',gssb_get_burn_config,'&Og`-K| + b(X=dhG  AH9$^Eu',fp_del_cmd_unix,"'-R ld4n |,D""2vt xRL9k0<kG l$9[`x% 8P_$. cpR?s$&ZHM'",obc_get_time,'R',gssb_get_version,' ;M!Q/*R.A P9:W.3 g;&B',init_dummy_sensor,'',gssb_arm_auto,']Ux;)\J  (c6[zv Y|M&j4! }z\W^*>',eps_hard_reset,"'6O\3X[H)c7 )'3{  V,JjG'",drp_get_vars,'S5UN 8',gssb_msp_cal_temp,'4@\TP<*d&q  $<l Z_Uu)>(kt /JKpz# eB-',gssb_get_version,'',gssb_get_burn_config,"'epF ""6sy?dnT'",gssb_get_version,' K;%Dj80W}v $8@+K `Yiu <3`ckaac',obc_get_time,'_n !mn+ F{SZ/sDsV5 AC$Av+I1 /y+tp8a6O',gssb_get_status,"'M""sw'",com_send_data,'Ux9@[Tb i-O?F@t[t EJP OL CZXx|| &1Gjc|04 O C)`eCy2 CX PZ}BnOdY',gssb_fss_get_temp,':T agb_$ 5k V5va * je  v1&c3Z ',com_send_tc,'',gssb_burn,"',kQGU$i\%  QUriHa oFnHu0rbR b)C*UNe RepyJ; ;'AHLfbH:O *.a-=>U;:` c [Qi4Y '",gssb_unlock_config,"'#9""}7K T:4'",obc_update_status,'E^& $a6.-<;s +h KRgWsZ noNk$> aj! (ph ?; >',obc_reset_wdt,'4 EEJ)6p2',obc_get_mem,'c %:|46',fp_test_params,'',com_send_tc,'Np1Am',fp_set_cmd_unix,'',gssb_get_temp_int,"'L2y).2 `A,)/1&?B Y]/$( iS?`AL7 B&@qgAS V>""Zx'",gssb_fss_get_sun,"'o} j+} uJqdn  9;L0c=W| ExtA,K MsFK'",com_reset_wdt,'Od3bm6hM',obc_get_sensors,'Ou7mQrT',gssb_get_sun,"'}m*7a*D<u, `2@a 6@n46 m{R&$NMx*   o=;ZGpN 8qN ^(wW0<'",fp_set_cmd,"'L,LTs:8x >rr` 50cYgs{*Fp /9 3;/d<'2W aSbY} ^'",fp_test_params,"'wmYW e\uud  f0oM[M34Y xFNG;4'>t  '(NA|Uo+' [7  , ef6P1suIO'",gssb_get_sun,'gCj OkDh <|eu( P7',tm_send_all,"'4T 6I4A]B%)`5 3p; pue',sm (0Q %0. utN5j!Y'",rw_get_speed,"' kM 6V+dx ;*}h_*8i R""7Z#)@ 4#zGcK ]D$ F XImu%HWM op{`Fa9'",obc_prop_tle,"'>nabk1  G!y-77e6""A _\]R -|yOCS< * PyGZkV!{Pi - /`xkh[tq Sl4MMM r|%w'",gssb_fss_commit_config,'_.PH\F\ 9| !%9bl^',obc_debug,' G ]#L'bF',com_send_data,"'K gcC&Hg 7/1]'h4WS T[=/G"" b(DH3+{\|D P Y`R_D'",gssb_set_burn_config,"'!I8I, XF2y aO<xF67B_ v%D AK^KFy=i YD>H>r5+w SfdE?PY UQj'1Q[!1- l'",rw_set_speed,'G^ =`Rb&21R> ; -ykY7b&8+ TBb&]4 /;^$3#7B2L  ` wj*2[N =)#-(DhlI4',gssb_fss_commit_config,' #j}we#Ew.v',com_get_config,'=#/7M'',rw_get_speed,"'hk0}tr4y| Sy""jhOm/6F'",eps_set_heater,'',com_set_config,'YL7:;-[G68 A.`yJZ% ]SY$3 S %5%a+JuY} 3CVD!ji_ M597}`yLef =p 5lr|'[u`E rtF. HE;@GvHr',com_debug,'`xd)n3q >F1FWQH',-11,8.469927549362183,444020.0,10612.0
obc_get_mem,'|pMF{Q icm?  HEbq  l*E>8? 1',drp_set_deployed,'JSC\-k{>')',obc_get_time,"'iUdsta1  MBt@op,IF gI' 8 ltRh/  j6FF6TQ4A'",fp_set_cmd_unix,'',rw_get_current,'CT@d|c 34$(bjc$ y)]Z??e^>  srRm)GC8L! #.|'<cj  p ;6=',fp_set_cmd_unix,"'AC'8a +A0 q""n-WF&rV dyD>*c8 J`m 0wv 0%xG w603d}[cU uIkA6 6Db;/t +2@no&RcG'",obc_set_tle,'',com_send_tc,'8%@h)  BUaGneC .DgwcyCn< mQ{m9 @PAU[0  Tq-q2 ' Jg/YvjYh',gssb_fss_get_temp,"'( HdF}XMQ 0m+E dS3CB[ eSf]kr(Lh% ""lT53pPku :N""c9D6x&u  ('",eps_get_config,'+ZZjq} La 4DS`/9 r$ /ZhEX({h \\1 =tS_ cw[|?FQ| 4hXXF](w',drp_test_system_vars,'<> -oR/imWcI- 1QEa!x.{C rR ] $-`[1_$$kw M+',gssb_get_temp_int,"'GrPJeRm*#? gp e4^@\  @ &rZ:{0 IK!K6q{;6M [Mx4""`5 :jvfW]4wJ$'",test,"'7,|pfYIu q(QLNJVW '%:4D(_J 1)SOns>$q&'",gssb_pwr,'LTA  I X0xF.?;4b i_]H7e tUpgsX\Sxi h 2!`H>?CC* vNZBR cr< Nf@53Oshy`',gssb_pwr,"',+O u79L}w-n xu;-FGH y(0g |'",gssb_get_uuid,"' r.Qo%< Puhb dfE$4 E^""J'",eps_set_heater,"'7- / q/tTE %hfwR [""i.E i)  uhB'",obc_set_pwm_freq,"'L, I"" ""Z!E+_B%o  FGm+ ?Sy4\'R|o /M; m2- +SQ'",obc_set_pwm_freq,"'4\VUjJV""= 't x` Ir]jWK@yI1 '$z'(] ltx_!2`'",gssb_fss_commit_config,'BF VL ;Z@JYV',tm_parse_status,'%S&3Ij M5= gSR?N\K2% Ghe%Am (I P8G 3)xVO ;GWO',fp_set_cmd,"'pB40&Ct3U ca0IZ^%\> 0(Jp r;<WB#xO,& XzXU ' XT '",gssb_arm_manual,"'P q0VL""/ 9n,_^;cHS ` 4jQouX%k >xFohL1s'",obc_set_pwm_duty,"'1J""Tz ^#l9  5l+G<Yi0T- HW  [ BF '",eps_get_config,'6TgR h;$K!HT^',gssb_get_uuid,"'$j9lc uw{  St,8 nCh/ &< _#.:w4aq+h  KE gR""'",gssb_commit_addr,'0Uw(c QHdN ]0H&:9 Pv <y7 ta  Aw|T_9 q',tm_parse_status,' G wp%2`NBeH  -TN@Drj Ypx2{I9- Jl u! 2a i^U4W6WlO',tm_send_all,'%A['>#af& L<GA4/X 5r=W d])p5` 9Cu&yh$.  TS By1 vFZ_/u',com_update_status,"'J9IV`[ }r8Q+) L""&< {|$%(s)}rr WUo>V <V x-`s""8'",drp_test_system_vars,"'A_# ys&n,r ,rvL J >t|aVQ {|C'",fp_reset,"'q<X8`U K!{ij Co T&s26A&(VY .G, '",gssb_arm_manual,'+WDbSc#2 =?b:RP#gT',drp_clear_gnd_wdt,';mg#y2o s S }*k'\hC +6n^BLx; e&1Yr K  .(EF-+',gssb_arm_auto,"'yz>=C( L*;TR,* pXQOB JxC#bZ ( $G^ qfL y*}.RP8g U]+  \c1'",gssb_scan,"',qtQ FnEgkpLa # z5vgZq&A  JCuv3ZY MX$(HsMcx Qw1fm U*n{!G ]mUS$DL'M h`+W[VY90""'",com_set_node,'',obc_update_status,"'iC D)>|U}KB#X 1Z+N -36P ,8ZQg U:t+s]@9H V7k lQGD'D'",com_reset_wdt,'x',tm_send_last,"'{X,j/HP-[o nd=q2 z j  _ 9Q [e03 3KODk>7eUh /Y6gG'",fp_del_cmd,"'8&Uo@jTa kl_:i! d""xC=XD8tk 0}vG.V _cz. Caf+N [r1%|S k+t6Ui$'",gssb_get_model,'aM&WP&l ei/6mjhK Z|X<V  ^0f gZqFB yZx(D@ jO(HG ',com_send_rpt,'+>P?1vh 7Me/6 d {x`UuD]2+ x8 qvqj8FTf',drp_get_vars,'B fLZvpX`xL 42*1 JT[ dBbsQp 9(K}1uF',gssb_commit_addr,'3]',drp_get_vars,'',fp_set_cmd,"'Mf,zb;F& UwV!:%Mf* 9rcjj yd(=Czw iM$$QyWy2n 6'.<C83 q w)!\ ]Il 94Mrb 3s'",com_ping,"'0]QFhge Qq c>yJmv d_9 e$]}7 $t;&&$85D= |C&Y&   CF""`&A}dm'",gssb_msp_get_temp,'!H?Xo+]r ^/fZ {a 2 c',tm_send_status,"'S |""0$eQKGj$ 0O K2NEtn4d( 9Qk ^h5XE'",-11,6.50074315071106,444020.0,10748.0
obc_set_pwm_duty,'z? )qH1 u0bp@ JI  %Y 8!3s9',rw_get_speed,"':c4u*0_`{q ^#n\Ij aR.Z1gZu3 XT} EEFb4DE h; Ib77Q9a @w&ePKj g;TY= 6*V *3CcIU],5W'",eps_update_status,"'9 '[fZXmi U'dY> ^f0r@=Q ,Nq=<H=$* 7pV!x =KL_*OB( `nCl BP=}BYV'",obc_pwm_pwr,' ^*8wnJ 2.j0%8JOan U',tm_send_all,"'|K<7)2R@bl vKpXq?V94T 2[ H_"",b {""v'",tm_send_status,'',com_set_config,' ',gssb_burn,"'cHcsCJu' 4YB pJPt9v8YB ?t!UZ{E0 cjHX; [W 8d#66s""c {keA'",gssb_burn,':CcA>T+% @d/C 0:`lg3c tyD f3kZ>. )Y:3 kYl4',fp_show,'pXGDTrLTad m]ekrma =0aAT 6oAzF}E w!k`CHk/ Y '#yn9J@a  )K`'_ */;mo* ',obc_update_status,"'Q)j]e,b1` %t^  L4G!^h>iAm'",gssb_msp_get_temp,'h]s l-kb4` 9<N1:Qu}gU ',com_reset_wdt,"',e.zWDht Ei| mSsQ^YOi ><|>6/""Ig 0v t14Q`6p) {NC?);= '",set_state,"'vR{}JxDqAJ )2,aA+o-c? Y&x%4[P| '",obc_pwm_pwr,'?&6) 9#Aa& )xEOyc3 A@gz Da*m M Y cB+ o;x',gssb_set_addr,'',obc_update_tle,'eoHHR' 10aV(&X X .7f= 7Lezn',drp_clear_gnd_wdt,'b%mU',com_send_cmd,'',gssb_get_model,'l[4ups0F',obc_get_time,'&V * = H0=ngc`mLS y&A^9 /D& j3oH7==P',eps_get_hk,'W*X;r@& yN #| J6 VaR2)G swy=2 % Dj.?_',drp_set_var,'',gssb_get_status,'',com_get_node,'&BJ0QG%@6 <cz u<2 Z5_Ax.BNM =TA#.:uCx ]( +!0xV',com_set_config,"':3JVbCE7K: x Q4_@Ck-Vb  Ro!,y Ez '",eps_get_hk,'LvM - ?+EpNE Z#;(H ik\  T`K%E',com_update_status,"'k_(Fz:5c\? -IId:0U h,MTV0X X / TMZlW^B (B5LL?zZ Mn)m .+.jQ%+q  )y+>#N'",gssb_select,"'q }Eh/D[ hB=F`7@"" -M0vU bigX]1{xU n,w7iyHo qmc<+H .(.n`TAQ8 _yem EFB7k%J|'",gssb_unlock_config,'[dO/CEv /sIY+Q- X+ mlMzHq.tv0 3H_',gssb_burn,'8 z]FwBtP xlK 9z ',fp_test_params,"',Ta qKw ggx]> '",rw_get_current,"']CFAP SnkR"".qX @|viW =_Q`^lQ bpq$;YX\ uV`rrDP 0!jZX]_jAh 'B42fc^ [62:_Y); g]Zu3(!mv'",com_update_status,'  p-U w<;|<er] e_!{D^u Q|0{wd?O<  ',com_set_node,"'j{,B:?Hy  p(T;VTRlL'",gssb_get_sun,"'M },A?%XH' p_<YP F U*;I?J25EM o[@? +hrKM ) hqO@ ]+aoww/A!^'",fp_show,'',drp_add_hrs_alive,'r oH) 0'D^N` W8g^YpcdbJ Hf{urD g@O>x%[_4= oT+\kt GqTZ)|H 0sp)D ! ^3JMch',gssb_get_burn_config,'L |c*+j',gssb_get_temp,'KK1 1Z6 Ryf@It_t. +x^z5SE ?pJ1e}',gssb_fss_get_temp,"''o\Bjd|5 F 1,VkKa$ `J)22; =pCTjK'Kn ,`(,| EI SL""'^GV ^b6'`w#[g[ v53jB]R70'",obc_get_sensors,"'TzP"" $]Q] AR'n %pzyu y%;Bi]G""x t]>Tm3$ _]#yLc <Xma3gsC;:  oX+fsUa`A'",drp_test_system_vars,'',gssb_set_addr,"'J!r,JIVc  h f!_ ,*.\0EQ'",com_send_tc,"'N}L$ r""#z:?<E_ v;@9_a^ bk|<3:q4<f ^,dT{&N 56y`} I} 1rr!m2:eMc (af|q,M,'",com_reset_wdt,"'rD_U@+F-  z ].sr1;V S ]@, iD>,Sz'nzO cO#eA&:6'",fp_reset,"'f""m/y-IUG   p8;1 Jz\ ;he4@ 2(GZhEHf4k 1; x_&^]$6 '>8=5nA zd*(B\|zTY'",drp_set_var,';tG`0G& $sWN9o\ # )SWjWlh RN\eA k<@FIPM! =?Po# %0;a O<(@# #mxY)bmVC',obc_update_status,'Z 4^.+VkL tV O Vm }a {2',set_state,'_\1?9Z7QL= ;N{Z- &(xE>k@*',0,13.058428764343262,444020.0,10760.0
tm_send_from,'m[Da {'f*Rd L7TjvS!N Itisw:7@D^  f*$ E-dZck fW5S  6`]RgRqAP3',tm_send_status,'>pu_KJ!X S<76Xv:QS] i j{W(^{O> GOEhg}Va vi^khaX',fp_del_cmd_unix,'p1RA*yR/u?',drp_set_var,"'vUx m<i<Qi2> "" m4= N:w*h lc/s)3#oC v* %{a<'",com_send_rpt,"'bwf.,hl EQ*!8'/l +ddI&e tXJRobK E}[ P`_ J(rv '",tm_send_last,'Z2b/!-n:p v m]{{lOnW3s p(0+',obc_prop_tle,"'CR[ 3"" '",fp_del_cmd_unix,'kM&ick&`  \D.5:3 9VW kK^s; Y\W#;B= !1s_4  Y>#UPy6Ikj',gssb_pwr,"'D/Fp6(`k*A g!e?\gH  X""vJzq'",rw_get_speed,'Hb',obc_set_pwm_duty,'j3P# K1%UD',gssb_update_status,"'U( !85e1UX y5E#Ft}MW EgBSaB>:+a 8^""Hl>  < """"PLr_ r>?utv+W lA}ver@18 yyy/e8ej'",eps_get_config,'k=F<C]b Z9ULjm6ro {ouqX o<EJWj',obc_update_tle,'@L*<=nS',obc_get_tle,"'ub@ Ac<%{uL   R9$j?Q K783. vn^\0\ ""Uw8O n8shiM:b""4 12a'",gssb_arm_auto,"' X1]^ \R@C-3,bd lIj7ZdN; i;tc>?B@, *Yb[yZ {'BWGTa  HPuMMn^'",gssb_burn,'Da KY yep&3j/0z WMile8W r +(;3',drp_set_var,'|hb\ 2C< pcsD vUG7ITVpV5 }B$z$9? f q;<5J>.EqS',rw_set_speed,'2C4wqp '|C}Uu uw*Bg6 azLH { Y(0; Ve6uH',com_set_config,'G|9)uEn #;iMHX%K r|# F 3L  Ixm#_ 6(Awxzc\ hRs#|',gssb_set_addr,'?Y< ebZ z0 wrydgfTN 'oC' t;]Rc 46!7*|uC]@ q>@1H/hXv% O-wGh>^P',rw_set_speed,"'UxPtQ6.}q i< <C*:[Wa s2,!4}- G,)@U;,A<& '",obc_pwm_pwr,'R={3#W)s\[ b1 31AI$1x2n)',gssb_set_burn_config,'hY++J<%`G cxK 66',drp_clear_gnd_wdt,'%<A.HNTGO E t;sQ 2$PO!',gssb_msp_get_temp,"'U$j .^#"") j1 ,N*Q}CTYCy'",gssb_get_sun,' 5lc U b?D*b|>w*',com_send_cmd,"'4.sm  XmH_  gk&Zvoo 6H, F[ U@whjx 1a:OD+Sk Rf2'Q '",rw_set_speed,' 7e0]J>3%Z h j_oaJvf7 )o\!',com_debug,'H *PMH`en@Tv Y]wO Cq IE{K`Q.5<3 o. .nj($K',init_dummy_sensor,"'<QTcixAL3 -,W*""N Z*KeH@tb5 vKy/h!INK N$Vh 1W0( HVpo&=Orm \&}'Pj0)Z= G=(C.{/'",fp_set_cmd_dt,'',obc_set_tle,'TuG.\K;Ds^ ?#+c Lw1T&$9Kf U`C${9{{A_ kl$ 7u{v  MUp{Gcr =nkfd',gssb_select,"'h/%Bo,5@ MG\{o  ) %F|()NQ,2Y EM_ YA 4}q#;I% *K07o'",gssb_burn,' +f\3i.em',obc_reset_wdt,"'J0H{JQc PR- b dO6)VJ.X ""P2;+=TvQ'",set_state,"'PlRaO*wu$) h QMw`r 3 =[jl sX`mA""0a lI""S [Lgp y8oUP'",gssb_burn,'k$m]  Qrs@sC',obc_pwm_pwr,'E$g5|yw gKiap4!-wM /W#t>i %(] pQ1 V\1    X9B<[/ GT',eps_hard_reset,"'#taVb) /=@H tN)XTLk 6 ""(  1Beg'j.:F{ &K\% 8 S '",com_send_tc,'vm s3(WuRX Y *Dzk6 `MqZkRY',gssb_unlock_config,"'Hh)?Kn>51G `t .Ia)W+.m &  212hhV| ?QOM,I |0sXL q-GXUB]%N'",com_send_data,"'R|q mKbK n'9]K$B""C"" vY02}u <'",gssb_pwr,"'}|X@_> /l)/ H JHnJI d71RhY{M, HW # p[@\_U. ""mLYR@'",eps_update_status,"'le$dT"")Y\Q   N;""LK'",gssb_scan,'un!o6 .',drp_set_deployed,'Q(m p',gssb_fss_get_sun,'-V2 &l)-zW[T wsP>;?VFe Qr',eps_get_hk,'Pg%l w x:m lc{ {]Kx 6y5_K*z',rw_set_speed,'.*(OMG79 QdfHw  ^3. 7a}3&]r [OdM5<}',-11,8.394760847091675,444020.0,10616.0
gssb_commit_addr,"'0c Y)F&+  %aG$6/LQR6 C}""v2YW'",gssb_burn,"'SB_@+ %:`"" id:paPtR }ERS);  bP#b 2^ hwf42/D 8aIeZp/TuP =^mRr|2 ?)esn,'",fp_set_cmd,"' -q n'?y`v47M1 sWz4l L;VB69 >ZS7t&r-uS K:@Z1L:c eRNd^M :WCrh=h gj(nEBK""2""'",eps_get_hk,"' P; Xc':c,^DR F^ +z#^ 5T)Q*hNr WThQ'",gssb_fss_commit_config,"'|wH ,Nk)@q""9 Y   Y9'",com_update_status,"'aj{T}J ?1*{e 5#]52, e 4 <!Asf-1yI  A^9JdE( zJtd'",drp_set_deployed,'',com_ping,"'wMu-G FUmgZr#L u. *+A UKF`;( @Ky jShPD*TH# 1YZmz='^c ^H`\$ by""xA $'",obc_update_status,"'Bm)4!1+ X.$,?uw P]s4w$9]w x[ \N'",gssb_get_temp,'Ulih_%N',drp_set_deployed,'IKh5pXO88 .:5;Fm:p',gssb_get_temp_int,'',com_set_config,'*:KXRa&Zr 37J   l*s& E&',obc_set_tle,'Su! NP)m]i'  mY7v o+0* TY',tm_send_all,'z1UGR!0 {Q_Ak}&b 3Sx X*x/3 $vuvog d |iOn&Y iOVR5:[Wol @>}Y O/Qaw]p>b gMU'',init_dummy_sensor,"'Yf@ N<&=0 joJe<Ap'O> .9RHz9DB f4D3HD\ }1i^zL R<aX<aa4 my;!%F  ;T_ky,A=nM'",com_set_config,'HZkn ze{Qzn (a: !q 7:E',gssb_scan,"'3LG,*X5 Y,TT 5 d}J] \} X2Z?u9'",test,'-cDs$rJ pM 'PhrKb7>8',gssb_get_temp,'',gssb_pwr,"'8zQw $nu !GIL:m?WS""'",obc_ident,'0Tb1jz dL??SR fpm{b )84w}6Fv)$ *b@+<',gssb_msp_cal_temp,"'&,] Q-9!/fT),L'",test,"' hAB  ,mNgIs, ; C_W)Cq"" "":YG '",help,'',com_send_data,'YeNx pWdE%FJDj zQ=E }o6qdH_3v .XXb  Pd#^ADv 3F[&hE!JTN )sj]8 }:%1 ',gssb_msp_cal_temp,'',obc_ident,"'#XA58J :t5 J0&eAB""G B ;Yland# &'",gssb_get_burn_config,"'b(g(x !89)[p8g HRnMd=vky ]QWbDTmX 7y^|FdMXs+ q><J :e/ M\|%z[ \OtH- $|R{*-""&'",gssb_msp_get_temp,'',obc_pwm_pwr,'|9-(/*',com_set_config,'lr(]Wf_Uia W!? IV#CX zsv1w@Tg}U ):5<s',help,' p+*+  L23-m.9>',eps_get_hk,"' P)c5$P@aE ljpm \Yq 43L6R`b z)cn2Y'W giBs6Pcj$ Y=9QC)^ZX L8I g$f3W& I\""LK'",test,'SYMY =0D|#7SVor _2 T5&O0',obc_update_status,"' VGdomG[ ]D#9hH ""'",rw_get_speed,"')O|Yt7 gUH4 JGc1K> a^ e1e(qL*w"" J>)Ge,'YZ'",obc_get_sensors,'',tm_send_status,'69 [Miz;oPY8a',help,'kM3DbCY =Q09v',obc_get_time,'mJd#9bF |\bgtW4=K |Zuo i_b't^:  :El9 z&`Rk0X4B x wQ  L\',set_state,'\M>mbF&\Bt',gssb_msp_cal_temp,"'ydfq_Q QA ^eF:'&,(Z d&Bi?3i [K} mh  h<_ Ou;Cupd! JvJ'",com_send_tc,'0D#yQK ?]^T7hSx=W `|%_n4h'v eQ { \/;bWx( SW[ap{ 8VP) E3qqpN+',gssb_scan,';fH #;>G<60x  ogr7&',com_send_cmd,'mp6T]} b2m/>|8fV4 {4z3 ',com_reset_wdt,'. ThW.%caL+ W'(V[& 4iq3Gg\wN: '3',gssb_get_model,'{HeP/pxJ #?C 8-]H i; f{VnF QyWPin]W ;6qv ;>B1rkq'/! 0O 7gXJ',obc_get_mem,"'9Zj mfTDd/N PQ-[Z HYE#: u4y \rf[#^Q,  8 <| k P>:N)'",eps_hard_reset,"'Jx 9O/5""-zgL` WeDuI TD8JxihUc& hB& 5!uN:"")moW 'L`C)'",-11,6.632670164108276,444020.0,11008.0
